{
  "intents": [
    {
      "intent": "PlayerPlay"
    },
    {
      "intent": "PlayerForward"
    },
    {
      "intent": "PlayerShuffle"
    },
    {
      "intent": "PlayerPause",
      "slots": [
        {
          "name": "timeslot",
          "type": "AMAZON.TIME"
        }
      ]
    },
    {
      "intent": "IAmFineSir"
    },
    {
      "intent": "PlayerBackward"
    },
    {
      "intent": "DefaultWelcomeIntent",
      "slots": [
        {
          "name": "songslot",
          "type": "SONG"
        },
        {
          "name": "artistslot",
          "type": "ARTIST"
        }
      ]
    },
    {
      "intent": "MusicPlay",
      "slots": [
        {
          "name": "artistslot",
          "type": "ARTIST"
        },
        {
          "name": "playlistslot",
          "type": "PLAYLIST"
        },
        {
          "name": "songslot",
          "type": "SONG"
        }
      ]
    }
  ]
}